信号日,名称,买入价,股数,买入金额,卖出日,卖出时点,卖出价,卖出原因,净盈亏,账户现金,持有交易日,当时周期
2026-01-05,康弘药业,31.85129493,700,22296,2026-01-06,尾盘14:50,32.6,没涨停→尾盘兑现,494,53625,1,平淡期
2026-01-05,嘉事堂,15.685,2100,32938,2026-01-07,次日早盘9:30,19.0,又涨停→隔夜次早兑现,6917,76481,2,平淡期
2026-01-05,快意电梯,9.96197868,1400,13947,2026-01-07,次日早盘9:30,10.73,又涨停→隔夜次早兑现,1057,91496,2,平淡期
2026-01-06,航天电器,56.7474426,300,17024,2026-01-07,尾盘14:50,57.16,没涨停→尾盘兑现,97,108630,1,平淡期
2026-01-07,展鹏科技,8.7,4100,35670,2026-01-09,次日早盘9:30,10.52,又涨停→隔夜次早兑现,7403,76047,2,平淡期
2026-01-08,国际实业,6.34712533,3800,24119,2026-01-09,尾盘14:50,6.58,没涨停→尾盘兑现,834,101018,1,平淡期
2026-01-08,融发核电,8.83,1800,15894,2026-01-09,尾盘14:50,8.79,没涨停→尾盘兑现,-96,116828,1,平淡期
2026-01-09,海亮股份,13.96740005,1800,25141,2026-01-12,尾盘14:50,14.33,没涨停→尾盘兑现,606,62305,1,平淡期
2026-01-09,辉煌科技,12.2630651,1400,17168,2026-01-12,尾盘14:50,12.93,没涨停→尾盘兑现,913,80399,1,平淡期
2026-01-09,国新健康,10.55,3600,37980,2026-01-13,次日早盘9:30,12.5,又涨停→隔夜次早兑现,6958,81139,2,平淡期
2026-01-12,鲁阳节能,12.02279906,2200,26450,2026-01-13,尾盘14:50,11.23,没涨停→尾盘兑现,-1775,105834,1,平淡期
2026-01-12,天娱数科,8.08,2200,17776,2026-01-13,尾盘14:50,7.74,没涨停→尾盘兑现,-774,122849,1,平淡期
2026-01-13,东南网架,5.62222497,7200,40480,2026-01-14,尾盘14:50,5.4,没涨停→尾盘兑现,-1641,75984,1,恐慌期
2026-01-13,澳洋健康,4.6,5900,27140,2026-01-14,次日早盘9:30,4.56,又涨停→隔夜次早兑现,-277,102868,1,恐慌期
2026-01-13,外服控股,5.48897024,3300,18114,2026-01-15,次日早盘9:30,6.59,又涨停→隔夜次早兑现,3606,67908,2,恐慌期
2026-01-14,云鼎科技,13.07,2600,33982,2026-01-15,尾盘14:50,12.61,没涨停→尾盘兑现,-1246,100669,1,平淡期
2026-01-14,太阳能,5.047,4500,22712,2026-01-15,尾盘14:50,5.08,没涨停→尾盘兑现,101,123498,1,平淡期
2026-01-15,锌业股份,4.8206781,8500,40976,2026-01-16,尾盘14:50,4.93,没涨停→尾盘兑现,871,80163,1,妖股期
2026-01-15,沃尔核材,29.616,900,26654,2026-01-16,尾盘14:50,30.95,没涨停→尾盘兑现,1156,107994,1,妖股期
2026-01-15,江山股份,25.11801032,700,17583,2026-01-16,尾盘14:50,24.05,没涨停→尾盘兑现,-772,124818,1,妖股期
2026-01-16,宁波华翔,31.953,1300,41539,2026-01-19,尾盘14:50,33.8,没涨停→尾盘兑现,2341,81350,1,恐慌期
2026-01-16,森源电气,6.4251933,4300,27628,2026-01-20,次日早盘9:30,7.78,又涨停→隔夜次早兑现,5780,89036,2,恐慌期
2026-01-16,汉缆股份,4.33594588,4200,18211,2026-01-20,次日早盘9:30,5.25,又涨停→隔夜次早兑现,3812,111073,2,恐慌期
2026-01-19,许继电气,32.179,800,25743,2026-01-20,尾盘14:50,32.67,没涨停→尾盘兑现,353,137189,1,主线期
2026-01-20,大悦城,3.25,14000,45500,2026-01-21,尾盘14:50,3.26,没涨停→尾盘兑现,72,86511,1,平淡期
2026-01-20,赞宇科技,11.98921308,1700,20382,2026-01-21,尾盘14:50,12.21,没涨停→尾盘兑现,339,107247,1,平淡期
2026-01-20,红宝丽,8.68633208,3500,30402,2026-01-22,次日早盘9:30,9.56,又涨停→隔夜次早兑现,3020,86380,2,平淡期
2026-01-21,深纺织A,13.592,2600,35339,2026-01-22,尾盘14:50,13.23,没涨停→尾盘兑现,-988,120757,1,平淡期
2026-01-21,广合科技,94.864,200,18973,2026-01-23,次日早盘9:30,103.8,又涨停→隔夜次早兑现,1758,74906,2,平淡期
2026-01-22,国安股份,2.97,13500,40095,2026-01-23,尾盘14:50,2.89,没涨停→尾盘兑现,-1139,113892,1,平淡期
2026-01-22,天润工业,6.974,3800,26501,2026-01-23,尾盘14:50,7.0,没涨停→尾盘兑现,74,140487,1,平淡期
2026-01-23,烽火电子,13.15,3500,46025,2026-01-26,尾盘14:50,12.41,没涨停→尾盘兑现,-2657,86064,1,平淡期
2026-01-23,渝三峡A,8.785,3500,30748,2026-01-26,尾盘14:50,8.65,没涨停→尾盘兑现,-501,116334,1,平淡期
2026-01-23,诚志股份,6.579,3200,21053,2026-01-26,尾盘14:50,6.4,没涨停→尾盘兑现,-604,136799,1,平淡期
2026-01-26,科华生物,6.95,6500,45175,2026-01-27,尾盘14:50,7.09,没涨停→尾盘兑现,842,87299,1,恐慌期
2026-01-26,恒邦股份,18.786,1600,30058,2026-01-27,尾盘14:50,19.34,没涨停→尾盘兑现,834,118213,1,恐慌期
2026-01-26,鲁抗医药,10.15896288,2000,20318,2026-01-27,尾盘14:50,10.25,没涨停→尾盘兑现,148,138694,1,恐慌期
2026-01-27,永臻股份,23.35,1900,44365,2026-01-28,尾盘14:50,23.11,没涨停→尾盘兑现,-522,138205,1,平淡期
2026-01-28,中金岭南,8.525,5400,46035,2026-01-29,尾盘14:50,8.49,没涨停→尾盘兑现,-231,87837,1,主线期
2026-01-28,中色股份,8.945,2300,20574,2026-01-29,尾盘14:50,8.74,没涨停→尾盘兑现,-491,107936,1,主线期
2026-01-28,北方铜业,18.4987693,1600,29598,2026-01-30,次日早盘9:30,19.79,又涨停→隔夜次早兑现,2027,80512,2,主线期
2026-01-29,深深房A,21.935,1600,35096,2026-01-30,尾盘14:50,22.05,没涨停→尾盘兑现,123,115757,1,主线期
2026-01-29,我爱我家,3.33,7200,23976,2026-01-30,次日早盘9:30,3.34,又涨停→隔夜次早兑现,36,139787,1,主线期
2026-01-30,登海种业,11.29,4100,46289,2026-02-02,尾盘14:50,11.64,没涨停→尾盘兑现,1364,90347,1,妖股期
2026-01-30,实益达,10.08257718,3000,30248,2026-02-02,尾盘14:50,9.66,没涨停→尾盘兑现,-1297,119320,1,妖股期
2026-01-30,敦煌种业,7.92,2600,20592,2026-02-02,尾盘14:50,7.46,没涨停→尾盘兑现,-1226,138701,1,妖股期
2026-02-03,键邦股份,34.76403458,900,31288,2026-02-04,尾盘14:50,36.61,没涨停→尾盘兑现,1615,97261,1,平淡期
2026-02-03,银轮股份,39.162,1100,43078,2026-02-05,次日早盘9:30,43.48,又涨停→隔夜次早兑现,4684,91803,2,平淡期
2026-02-04,荣安地产,2.04,15800,32232,2026-02-05,尾盘14:50,2.05,没涨停→尾盘兑现,110,124168,1,平淡期
2026-02-04,英威腾,10.01,2100,21021,2026-02-05,尾盘14:50,9.59,没涨停→尾盘兑现,-913,144292,1,平淡期
2026-02-05,山东海化,6.3,7600,47880,2026-02-06,尾盘14:50,6.39,没涨停→尾盘兑现,612,92048,1,妖股期
2026-02-05,二六三,7.34,4300,31562,2026-02-06,尾盘14:50,7.11,没涨停→尾盘兑现,-1036,122598,1,妖股期
2026-02-05,拉芳家化,21.33,1000,21330,2026-02-06,尾盘14:50,20.62,没涨停→尾盘兑现,-741,143203,1,妖股期
2026-02-06,汉森制药,7.24447284,4400,31876,2026-02-09,尾盘14:50,7.65,没涨停→尾盘兑现,1757,77086,1,平淡期
2026-02-06,联诚精密,25.73,800,20584,2026-02-09,尾盘14:50,24.82,没涨停→尾盘兑现,-758,96927,1,平淡期
2026-02-06,海翔药业,7.51,6300,47313,2026-02-10,次日早盘9:30,8.26,又涨停→隔夜次早兑现,4650,116670,2,平淡期
2026-02-09,红太阳,6.72,4800,32256,2026-02-10,尾盘14:50,6.41,没涨停→尾盘兑现,-1535,147415,1,平淡期
2026-02-10,航锦科技,23.62,2000,47240,2026-02-11,尾盘14:50,23.76,没涨停→尾盘兑现,209,93106,1,平淡期
2026-02-10,共达电声,14.0700736,2300,32361,2026-02-11,尾盘14:50,13.99,没涨停→尾盘兑现,-232,125259,1,平淡期
2026-02-10,儒意电影,13.87,1600,22192,2026-02-11,尾盘14:50,12.48,没涨停→尾盘兑现,-2256,145213,1,平淡期
2026-02-11,金正大,2.27,21300,48351,2026-02-12,尾盘14:50,2.2,没涨停→尾盘兑现,-1562,90490,1,平淡期
2026-02-11,北矿科技,26.26539024,800,21012,2026-02-12,尾盘14:50,25.91,没涨停→尾盘兑现,-317,111201,1,平淡期
2026-02-11,卓郎智能,2.98,10800,32184,2026-02-13,次日早盘9:30,3.23,又涨停→隔夜次早兑现,2650,86045,2,平淡期
2026-02-12,和胜股份,24.7314768,1400,34624,2026-02-13,尾盘14:50,22.35,没涨停→尾盘兑现,-3387,117309,1,平淡期
2026-02-12,金开新能,6.51,3900,25389,2026-02-13,尾盘14:50,6.2,没涨停→尾盘兑现,-1246,141471,1,平淡期
2026-02-24,湖北宜化,16.63956075,2800,46591,2026-02-25,尾盘14:50,17.74,没涨停→尾盘兑现,3006,93733,1,平淡期
2026-02-24,川发龙蟒,12.67,2400,30408,2026-02-25,尾盘14:50,13.66,没涨停→尾盘兑现,2329,126492,1,平淡期
2026-02-24,青龙管业,13.581,1500,20372,2026-02-25,尾盘14:50,13.94,没涨停→尾盘兑现,509,147388,1,平淡期
2026-02-25,江特电机,10.48,4600,48208,2026-02-26,尾盘14:50,10.68,没涨停→尾盘兑现,847,116015,1,平淡期
2026-02-25,华阳国际,16.97679692,1900,32256,2026-02-26,尾盘14:50,15.45,没涨停→尾盘兑现,-2946,145349,1,平淡期
2026-02-26,智微智能,45.48061162,1000,45481,2026-02-27,尾盘14:50,46.96,没涨停→尾盘兑现,1407,92399,1,平淡期
2026-02-26,科力远,8.14,2700,21978,2026-02-27,尾盘14:50,8.36,没涨停→尾盘兑现,561,114954,1,平淡期
2026-02-26,北京科锐,11.1769728,2900,32413,2026-03-02,次日早盘9:30,12.29,又涨停→隔夜次早兑现,3190,87782,2,平淡期
2026-02-27,四川美丰,7.89,4800,37872,2026-03-02,尾盘14:50,8.6,没涨停→尾盘兑现,3349,129031,1,平淡期
2026-02-27,东方锆业,15.58,1600,24928,2026-03-02,尾盘14:50,15.49,没涨停→尾盘兑现,-181,153796,1,平淡期
2026-03-02,泸天化,5.35,9500,50825,2026-03-03,尾盘14:50,5.4,没涨停→尾盘兑现,398,101884,1,平淡期
2026-03-02,九安医疗,47.89471018,400,19158,2026-03-03,尾盘14:50,49.53,没涨停→尾盘兑现,626,121682,1,平淡期
2026-03-02,南京港,11.854,2800,33191,2026-03-04,次日早盘9:30,12.08,又涨停→隔夜次早兑现,594,88640,2,平淡期
2026-03-03,南京公用,7.64703391,5300,40529,2026-03-04,尾盘14:50,7.11,没涨停→尾盘兑现,-2890,126310,1,主线期
2026-03-03,陕天然气,8.77411552,3000,26322,2026-03-04,尾盘14:50,8.42,没涨停→尾盘兑现,-1087,151565,1,主线期
2026-03-04,超颖电子,79.4858966,600,47692,2026-03-05,尾盘14:50,78.84,没涨停→尾盘兑现,-460,117526,1,平淡期
2026-03-04,王力安防,11.20490496,3000,33615,2026-03-06,次日早盘9:30,13.56,又涨停→隔夜次早兑现,7006,93745,2,平淡期
2026-03-05,沃顿科技,13.466,1900,25585,2026-03-06,尾盘14:50,13.53,没涨停→尾盘兑现,76,119425,1,平淡期
2026-03-05,华塑控股,3.63,10700,38841,2026-03-09,次日早盘9:30,3.84,又涨停→隔夜次早兑现,2187,95601,2,平淡期
2026-03-06,宗申动力,25.29629732,1000,25296,2026-03-09,尾盘14:50,24.37,没涨停→尾盘兑现,-968,119948,1,平淡期
2026-03-06,韶能股份,6.09,6500,39585,2026-03-10,次日早盘9:30,6.55,又涨停→隔夜次早兑现,2928,96649,2,平淡期
2026-03-09,立新能源,9.33,4200,39186,2026-03-10,尾盘14:50,9.35,没涨停→尾盘兑现,25,135889,1,平淡期
2026-03-09,黑猫股份,9.52,2800,26656,2026-03-10,尾盘14:50,9.37,没涨停→尾盘兑现,-460,162106,1,平淡期
2026-03-10,中电鑫龙,12.41,4300,53363,2026-03-11,尾盘14:50,12.66,没涨停→尾盘兑现,994,107133,1,平淡期
2026-03-10,科华数据,47.572,700,33300,2026-03-11,尾盘14:50,46.53,没涨停→尾盘兑现,-778,139680,1,平淡期
2026-03-10,凤形股份,25.23,900,22707,2026-03-11,尾盘14:50,24.68,没涨停→尾盘兑现,-529,161875,1,平淡期
2026-03-11,中盐化工,9.89516066,5400,53434,2026-03-12,尾盘14:50,10.36,没涨停→尾盘兑现,2445,128493,1,平淡期
2026-03-11,节能风电,4.03,8900,35867,2026-03-13,次日早盘9:30,4.61,又涨停→隔夜次早兑现,5104,98980,2,平淡期
2026-03-12,安道麦A,6.8,6200,42160,2026-03-13,尾盘14:50,6.71,没涨停→尾盘兑现,-621,140550,1,平淡期
2026-03-12,建投能源,10.5005092,2700,28351,2026-03-13,尾盘14:50,10.0,没涨停→尾盘兑现,-1393,167530,1,平淡期
2026-03-13,横店东磁,25.249,2200,55548,2026-03-16,尾盘14:50,23.1,没涨停→尾盘兑现,-4810,100599,1,平淡期
2026-03-13,海鸥住工,4.29,8700,37323,2026-03-16,尾盘14:50,4.13,没涨停→尾盘兑现,-1447,136503,1,平淡期
2026-03-13,天顺风能,12.42,2000,24840,2026-03-16,尾盘14:50,12.19,没涨停→尾盘兑现,-497,160865,1,平淡期
2026-03-16,深华发A,15.94,3300,52602,2026-03-18,次日早盘9:30,19.28,又涨停→隔夜次早兑现,10935,136689,2,平淡期
2026-03-17,中洲控股,9.5,3700,35150,2026-03-18,尾盘14:50,9.39,没涨停→尾盘兑现,-459,171406,1,平淡期
2026-03-18,深南电A,10.50950778,5400,56751,2026-03-19,尾盘14:50,10.57,没涨停→尾盘兑现,238,108981,1,平淡期
2026-03-18,新宏泰,34.31434755,1100,37746,2026-03-19,尾盘14:50,35.65,没涨停→尾盘兑现,1414,148168,1,平淡期
2026-03-18,莎普爱思,7.8,3200,24960,2026-03-19,尾盘14:50,7.47,没涨停→尾盘兑现,-1093,172054,1,平淡期
2026-03-20,豪鹏科技,51.508,1100,56659,2026-03-23,尾盘14:50,52.41,没涨停→尾盘兑现,905,134671,1,恐慌期
2026-03-20,广西能源,4.85200832,7900,38331,2026-03-23,尾盘14:50,5.05,没涨停→尾盘兑现,1512,174543,1,恐慌期
2026-03-23,芯能科技,12.45969452,3100,38625,2026-03-24,尾盘14:50,13.07,没涨停→尾盘兑现,1820,118484,1,恐慌期
2026-03-23,浙江新能,10.72377108,5400,57908,2026-03-25,次日早盘9:30,11.61,又涨停→隔夜次早兑现,4699,116103,2,恐慌期
2026-03-24,福晶科技,64.70551384,400,25882,2026-03-25,尾盘14:50,67.26,没涨停→尾盘兑现,983,142988,1,平淡期
2026-03-24,湖南发展,15.0577194,2600,39150,2026-03-26,次日早盘9:30,17.72,又涨停→隔夜次早兑现,6854,109946,2,平淡期
2026-03-25,宝新能源,5.40106116,8800,47529,2026-03-26,尾盘14:50,5.55,没涨停→尾盘兑现,1199,158710,1,平淡期
2026-03-25,甘肃能源,9.013089,3500,31546,2026-03-26,尾盘14:50,8.73,没涨停→尾盘兑现,-1036,189244,1,平淡期
2026-03-26,惠天热电,4.9,12800,62720,2026-03-27,尾盘14:50,4.86,没涨停→尾盘兑现,-606,119659,1,平淡期
2026-03-26,远程股份,5.95256974,7000,41668,2026-03-27,尾盘14:50,5.88,没涨停→尾盘兑现,-550,160808,1,平淡期
2026-03-26,新宝股份,14.39888898,1900,27358,2026-03-27,尾盘14:50,14.51,没涨停→尾盘兑现,163,188349,1,平淡期
2026-03-27,川能动力,16.16,3800,61408,2026-03-30,尾盘14:50,17.15,没涨停→尾盘兑现,3667,121715,1,平淡期
2026-03-27,天原股份,6.31,6700,42277,2026-03-30,次日早盘9:30,6.11,又涨停→隔夜次早兑现,-1402,162622,1,平淡期
2026-03-27,山东矿机,3.64547712,7700,28070,2026-03-30,次日早盘9:30,3.58,又涨停→隔夜次早兑现,-579,190134,1,平淡期
2026-03-30,亚太药业,7.18,8800,63184,2026-03-31,尾盘14:50,7.43,没涨停→尾盘兑现,2104,192285,1,平淡期
2026-03-31,富奥股份,5.35951752,11900,63778,2026-04-01,尾盘14:50,5.01,没涨停→尾盘兑现,-4222,117858,1,妖股期
2026-03-31,襄阳轴承,12.64,3300,41712,2026-04-01,尾盘14:50,12.97,没涨停→尾盘兑现,1026,160627,1,妖股期
2026-03-31,钱江摩托,15.8561706,1800,28541,2026-04-01,尾盘14:50,15.08,没涨停→尾盘兑现,-1446,187744,1,妖股期
2026-04-01,齐翔腾达,6.51,6400,41664,2026-04-02,尾盘14:50,6.3,没涨停→尾盘兑现,-1405,97011,1,平淡期
2026-04-01,中京电子,12.29,2200,27038,2026-04-02,尾盘14:50,12.17,没涨停→尾盘兑现,-304,123765,1,平淡期
2026-04-01,北大医药,6.56,9500,62320,2026-04-03,次日早盘9:30,7.4,又涨停→隔夜次早兑现,7881,126341,2,平淡期
2026-04-02,乐山电力,12.6243896,2100,26511,2026-04-03,尾盘14:50,11.37,没涨停→尾盘兑现,-2681,150192,1,平淡期
2026-04-02,汇源通信,17.15,2400,41160,2026-04-07,次日早盘9:30,20.76,又涨停→隔夜次早兑现,8596,151852,2,平淡期
2026-04-03,圣泉集团,32.08442592,1500,48127,2026-04-08,次日早盘9:30,35.62,又涨停→隔夜次早兑现,5222,121669,2,恐慌期
2026-04-07,深粮控股,7.68726896,6500,49967,2026-04-08,尾盘14:50,7.82,没涨停→尾盘兑现,817,172491,1,主线期
2026-04-07,泰达股份,4.2,8000,33600,2026-04-08,尾盘14:50,4.22,没涨停→尾盘兑现,109,206225,1,主线期
2026-04-08,创元科技,13.89767816,4900,68099,2026-04-09,尾盘14:50,13.9,没涨停→尾盘兑现,-102,161849,1,主线期
2026-04-08,大为股份,29.55,1500,44325,2026-04-10,次日早盘9:30,33.09,又涨停→隔夜次早兑现,5240,125915,2,主线期
2026-04-09,安洁科技,15.60750975,3400,53066,2026-04-10,尾盘14:50,15.33,没涨停→尾盘兑现,-1022,177998,1,平淡期
2026-04-09,恒铭达,64.93208238,500,32466,2026-04-10,尾盘14:50,66.96,没涨停→尾盘兑现,964,211453,1,平淡期
2026-04-10,隆基机械,8.57077185,8200,70280,2026-04-13,尾盘14:50,8.33,没涨停→尾盘兑现,-2049,131666,1,妖股期
2026-04-10,凌云股份,10.49599408,4400,46182,2026-04-13,尾盘14:50,11.16,没涨停→尾盘兑现,2839,180722,1,妖股期
2026-04-10,南京医药,5.85334475,5400,31608,2026-04-13,尾盘14:50,5.67,没涨停→尾盘兑现,-1039,211314,1,妖股期
2026-04-13,洪田股份,47.97,1400,67158,2026-04-14,尾盘14:50,48.41,没涨停→尾盘兑现,515,211880,1,平淡期
2026-04-14,南山控股,2.74,25700,70418,2026-04-15,尾盘14:50,2.69,没涨停→尾盘兑现,-1390,132809,1,平淡期
2026-04-14,航天长峰,19.23,1600,30768,2026-04-15,尾盘14:50,19.94,没涨停→尾盘兑现,1089,164689,1,平淡期
2026-04-14,汇通能源,29.35349762,1600,46966,2026-04-16,次日早盘9:30,31.96,又涨停→隔夜次早兑现,4097,125603,2,平淡期
2026-04-15,华菱线缆,21.335,2500,53338,2026-04-16,尾盘14:50,22.14,没涨停→尾盘兑现,1918,180899,1,平淡期
2026-04-15,海正药业,11.16557144,3300,36846,2026-04-16,尾盘14:50,11.3,没涨停→尾盘兑现,397,218171,1,平淡期
2026-04-16,苏常柴A,6.718,10800,72554,2026-04-17,尾盘14:50,6.59,没涨停→尾盘兑现,-1512,138651,1,平淡期
2026-04-16,劲旅环境,19.529,2400,46870,2026-04-17,次日早盘9:30,19.74,又涨停→隔夜次早兑现,443,185999,1,平淡期
2026-04-16,联合精密,22.28017012,1400,31192,2026-04-17,尾盘14:50,23.46,没涨停→尾盘兑现,1604,218819,1,平淡期
2026-04-17,海亮股份,17.28776419,4200,72609,2026-04-20,尾盘14:50,17.8,没涨停→尾盘兑现,2061,172442,1,主线期
2026-04-17,良信股份,11.02079762,4400,48492,2026-04-20,尾盘14:50,10.9,没涨停→尾盘兑现,-591,220379,1,主线期
2026-04-20,长虹华意,7.47643692,9800,73269,2026-04-21,尾盘14:50,7.63,没涨停→尾盘兑现,1394,141843,1,平淡期
2026-04-20,九阳股份,11.1,4400,48840,2026-04-21,尾盘14:50,10.54,没涨停→尾盘兑现,-2535,188184,1,平淡期
2026-04-20,天奥电子,20.76332317,1500,31145,2026-04-21,尾盘14:50,20.45,没涨停→尾盘兑现,-510,218842,1,平淡期
2026-04-21,众泰汽车,2.38,30600,72828,2026-04-22,尾盘14:50,2.39,没涨停→尾盘兑现,197,139052,1,平淡期
2026-04-21,英联股份,16.26476679,2900,47168,2026-04-22,尾盘14:50,16.64,没涨停→尾盘兑现,1029,187284,1,平淡期
2026-04-21,阳光照明,3.91345966,8400,32873,2026-04-22,尾盘14:50,3.9,没涨停→尾盘兑现,-130,220052,1,平淡期
2026-04-22,史丹利,11.32284896,6400,72466,2026-04-23,次日早盘9:30,11.46,又涨停→隔夜次早兑现,759,172633,1,平淡期
2026-04-22,中新集团,10.04841888,4800,48232,2026-04-24,次日早盘9:30,10.52,又涨停→隔夜次早兑现,2169,169917,2,平淡期
2026-04-23,亿道信息,48.322,1100,53154,2026-04-24,尾盘14:50,48.28,没涨停→尾盘兑现,-124,222987,1,平淡期
2026-04-24,浙商中拓,6.22009908,11900,74019,2026-04-27,尾盘14:50,6.3,没涨停→尾盘兑现,819,141612,1,恐慌期
2026-04-24,南极电商,3.01671216,16400,49474,2026-04-27,尾盘14:50,3.05,没涨停→尾盘兑现,407,191530,1,恐慌期
2026-04-24,日海智能,9.64,3400,32776,2026-04-27,尾盘14:50,9.2,没涨停→尾盘兑现,-1544,222787,1,恐慌期
2026-04-27,七匹狼,11.034,6700,73928,2026-04-28,尾盘14:50,11.0,没涨停→尾盘兑现,-312,141367,1,恐慌期
2026-04-27,天津普林,24.98,1900,47462,2026-04-28,尾盘14:50,25.15,没涨停→尾盘兑现,252,189116,1,恐慌期
2026-04-27,飞马国际,2.74,12300,33702,2026-04-29,次日早盘9:30,3.29,又涨停→隔夜次早兑现,6709,125832,2,恐慌期
2026-04-28,中晶科技,31.122076,2000,62244,2026-04-29,尾盘14:50,32.59,没涨停→尾盘兑现,2846,190969,1,妖股期
2026-04-28,宝光股份,13.82546088,3000,41476,2026-04-30,次日早盘9:30,16.46,又涨停→隔夜次早兑现,7832,134803,2,妖股期
2026-04-29,黑芝麻,5.18,12200,63196,2026-04-30,尾盘14:50,5.14,没涨停→尾盘兑现,-582,197464,1,平淡期
2026-04-29,雅化集团,30.221,1400,42309,2026-04-30,尾盘14:50,30.61,没涨停→尾盘兑现,482,240287,1,平淡期
2026-04-30,全新好,15.51,5100,79101,2026-05-06,尾盘14:50,15.97,没涨停→尾盘兑现,2226,154454,1,平淡期
2026-04-30,汉钟精机,27.18566191,1900,51653,2026-05-07,次日早盘9:30,30.21,又涨停→隔夜次早兑现,5662,160748,2,平淡期
2026-04-30,华软科技,5.61,6500,36465,2026-05-07,次日早盘9:30,6.23,又涨停→隔夜次早兑现,3972,201212,2,平淡期
2026-05-06,同洲电子,11.1,4600,51060,2026-05-07,尾盘14:50,11.23,没涨停→尾盘兑现,521,252831,1,平淡期
2026-05-07,模塑科技,13.56,6200,84072,2026-05-08,尾盘14:50,14.5,没涨停→尾盘兑现,5698,165954,1,主线期
2026-05-07,超声电子,17.11238904,3200,54760,2026-05-08,尾盘14:50,17.38,没涨停→尾盘兑现,771,221526,1,主线期
2026-05-07,巨轮智能,6.42,5900,37878,2026-05-11,次日早盘9:30,7.36,又涨停→隔夜次早兑现,5485,142008,2,主线期
2026-05-08,榕基软件,8.34,5900,49206,2026-05-11,尾盘14:50,8.28,没涨停→尾盘兑现,-428,190823,1,主线期
2026-05-08,达安基因,6.64,11100,73704,2026-05-12,次日早盘9:30,7.15,又涨停→隔夜次早兑现,5546,165020,2,主线期
2026-05-11,深深房A,24.045,2600,62517,2026-05-13,次日早盘9:30,26.98,又涨停→隔夜次早兑现,7544,180789,2,平淡期
2026-05-11,上峰材料,15.21124022,2800,42591,2026-05-13,次日早盘9:30,17.17,又涨停→隔夜次早兑现,5413,228825,2,平淡期
2026-05-12,深振业A,10.45,5200,54340,2026-05-13,尾盘14:50,10.38,没涨停→尾盘兑现,-445,282760,1,平淡期
2026-05-13,旺能环境,21.47,2900,62263,2026-05-14,尾盘14:50,22.01,没涨停→尾盘兑现,1471,150419,1,平淡期
2026-05-13,雅克科技,102.95274325,400,41181,2026-05-14,次日早盘9:30,106.69,又涨停→隔夜次早兑现,1433,193063,1,平淡期
2026-05-13,金房能源,18.914,4900,92679,2026-05-15,次日早盘9:30,19.82,又涨停→隔夜次早兑现,4302,183503,2,平淡期
2026-05-14,露笑科技,9.7,6600,64020,2026-05-15,尾盘14:50,9.36,没涨停→尾盘兑现,-2338,245232,1,妖股期
2026-05-14,宁夏建材,15.21104508,2800,42591,2026-05-15,尾盘14:50,14.65,没涨停→尾盘兑现,-1640,286215,1,妖股期
2026-05-15,方正电机,15.36,6200,95232,2026-05-18,尾盘14:50,16.16,没涨停→尾盘兑现,4813,186650,1,妖股期
2026-05-15,双象股份,20.85708391,3000,62571,2026-05-18,尾盘14:50,18.77,没涨停→尾盘兑现,-6349,242918,1,妖股期
2026-05-15,科力尔,11.31866946,3700,41879,2026-05-18,尾盘14:50,11.51,没涨停→尾盘兑现,638,285467,1,妖股期
2026-05-18,美格智能,44.52621264,2100,93505,2026-05-19,尾盘14:50,45.53,没涨停→尾盘兑现,1974,182721,1,平淡期
2026-05-18,泰永长征,21.56,2900,62524,2026-05-19,尾盘14:50,22.7,没涨停→尾盘兑现,3210,248501,1,平淡期
2026-05-18,电科数字,16.90652766,2500,42266,2026-05-20,次日早盘9:30,19.01,又涨停→隔夜次早兑现,5180,158811,2,平淡期
2026-05-19,梦网科技,10.27,8000,82160,2026-05-20,尾盘14:50,10.1,没涨停→尾盘兑现,-1482,239551,1,主线期
2026-05-19,江南化工,6.112,9000,55008,2026-05-20,尾盘14:50,6.37,没涨停→尾盘兑现,2256,296856,1,主线期
2026-05-20,福星股份,2.28,43300,98724,2026-05-21,尾盘14:50,2.08,没涨停→尾盘兑现,-8802,179043,1,恐慌期
2026-05-20,鑫源智造,12.25,5300,64925,2026-05-21,尾盘14:50,12.2,没涨停→尾盘兑现,-362,243655,1,恐慌期
2026-05-20,晶方科技,36.8,1200,44160,2026-05-21,尾盘14:50,36.08,没涨停→尾盘兑现,-930,286918,1,恐慌期
2026-05-21,派林生物,11.55,8200,94710,2026-05-22,次日早盘9:30,11.49,又涨停→隔夜次早兑现,-634,180046,1,恐慌期
2026-05-21,索菱股份,5.14,8300,42662,2026-05-22,尾盘14:50,5.36,没涨停→尾盘兑现,1761,224500,1,恐慌期
2026-05-21,联创电子,9.36,6800,63648,2026-05-25,次日早盘9:30,10.31,又涨停→隔夜次早兑现,6360,172173,2,恐慌期
2026-05-22,新大陆,24.564,3000,73692,2026-05-25,尾盘14:50,25.49,没涨停→尾盘兑现,2677,248597,1,主线期
2026-05-22,华锋股份,16.79,2900,48691,2026-05-25,尾盘14:50,16.48,没涨停→尾盘兑现,-971,296353,1,主线期
2026-05-25,电投绿能,6.844,14400,98554,2026-05-26,尾盘14:50,7.0,没涨停→尾盘兑现,2154,189946,1,平淡期
2026-05-25,长源电力,5.21,12600,65646,2026-05-26,尾盘14:50,5.13,没涨停→尾盘兑现,-1106,254535,1,平淡期
2026-05-25,皇台酒业,14.33,3000,42990,2026-05-26,尾盘14:50,13.7,没涨停→尾盘兑现,-1953,295604,1,平淡期
2026-05-26,中百集团,5.52,17800,98256,2026-05-28,次日早盘9:30,6.0,又涨停→隔夜次早兑现,8390,194757,2,恐慌期
2026-05-26,步步高,4.15,15800,65570,2026-05-28,次日早盘9:30,4.53,又涨停→隔夜次早兑现,5901,266277,2,恐慌期
2026-05-27,南矿集团,23.022,1900,43742,2026-05-28,尾盘14:50,22.6,没涨停→尾盘兑现,-863,309188,1,恐慌期
2026-05-28,冰山冷热,6.0684548,16900,102557,2026-05-29,尾盘14:50,6.17,没涨停→尾盘兑现,1518,196998,1,平淡期
2026-05-28,力合科创,9.35,7300,68255,2026-05-29,尾盘14:50,9.06,没涨停→尾盘兑现,-2218,263087,1,平淡期
2026-05-28,元隆雅图,15.7,2900,45530,2026-05-29,尾盘14:50,15.99,没涨停→尾盘兑现,772,309423,1,平淡期
2026-05-29,光大嘉宝,2.67,17100,45657,2026-06-01,尾盘14:50,2.65,没涨停→尾盘兑现,-410,137396,1,妖股期
2026-05-29,江苏国信,9.022026,11400,102851,2026-06-02,次日早盘9:30,9.89,又涨停→隔夜次早兑现,9788,204812,2,妖股期
2026-05-29,中央商场,3.2,21500,68800,2026-06-02,次日早盘9:30,3.42,又涨停→隔夜次早兑现,4623,278287,2,妖股期
2026-06-01,视觉中国,22.65,2000,45300,2026-06-02,次日早盘9:30,23.17,又涨停→隔夜次早兑现,971,324592,1,恐慌期
2026-06-02,友发集团,5.93,8100,48033,2026-06-03,尾盘14:50,5.56,没涨停→尾盘兑现,-3067,141612,1,平淡期
2026-06-02,实益达,9.45,11400,107730,2026-06-04,次日早盘9:30,10.21,又涨停→隔夜次早兑现,8496,210997,2,平淡期
2026-06-02,鑫科材料,3.99,18100,72219,2026-06-04,次日早盘9:30,4.64,又涨停→隔夜次早兑现,11648,294918,2,平淡期
2026-06-03,中广核技,8.09,5800,46922,2026-06-04,尾盘14:50,7.85,没涨停→尾盘兑现,-1461,340414,1,平淡期
2026-06-04,振华科技,58.90621752,1900,111922,2026-06-05,尾盘14:50,55.69,没涨停→尾盘兑现,-6277,209121,1,主线期
2026-06-04,万安科技,12.44,6100,75884,2026-06-05,尾盘14:50,12.04,没涨停→尾盘兑现,-2552,282510,1,主线期
2026-06-04,朝阳科技,28.95,1700,49215,2026-06-05,尾盘14:50,27.99,没涨停→尾盘兑现,-1705,330058,1,主线期
2026-06-05,荣丰控股,20.44383159,3500,71553,2026-06-08,尾盘14:50,21.92,没涨停→尾盘兑现,5067,176318,1,平淡期
2026-06-05,炜冈科技,24.522,2000,49044,2026-06-08,尾盘14:50,24.34,没涨停→尾盘兑现,-433,224966,1,平淡期
2026-06-05,荣安地产,2.12,51800,109816,2026-06-09,次日早盘9:30,2.49,又涨停→隔夜次早兑现,18987,230463,2,平淡期
2026-06-08,中科三环,12.61260849,5900,74414,2026-06-09,尾盘14:50,13.18,没涨停→尾盘兑现,3244,308178,1,恐慌期
2026-06-08,宗申动力,15.7978051,3100,48973,2026-06-10,次日早盘9:30,17.84,又涨停→隔夜次早兑现,6247,193650,2,恐慌期
2026-06-09,常山北明,15.3,6700,102510,2026-06-10,尾盘14:50,15.45,没涨停→尾盘兑现,850,297087,1,主线期
2026-06-09,宁波华翔,29.25,2300,67275,2026-06-10,尾盘14:50,28.54,没涨停→尾盘兑现,-1733,362680,1,主线期
2026-06-10,拓维信息,30.91,3900,120549,2026-06-11,尾盘14:50,28.92,没涨停→尾盘兑现,-7936,222940,1,恐慌期
2026-06-10,杭氧股份,26.94,2900,78126,2026-06-11,尾盘14:50,27.72,没涨停→尾盘兑现,2143,303268,1,恐慌期
2026-06-10,五矿发展,10.34,5200,53768,2026-06-11,尾盘14:50,9.81,没涨停→尾盘兑现,-2835,354242,1,恐慌期
2026-06-11,海信家电,27.9516433,4200,117397,2026-06-12,尾盘14:50,27.38,没涨停→尾盘兑现,-2578,220807,1,恐慌期
2026-06-11,三维化学,6.93,11300,78309,2026-06-12,尾盘14:50,7.34,没涨停→尾盘兑现,4512,303687,1,恐慌期
2026-06-11,凯美特气,18.15,2900,52635,2026-06-12,尾盘14:50,17.35,没涨停→尾盘兑现,-2397,353964,1,恐慌期
2026-06-12,北方铜业,13.92848512,8400,116999,2026-06-15,尾盘14:50,14.9,没涨停→尾盘兑现,7962,232348,1,平淡期
2026-06-12,中色股份,6.905,11400,78717,2026-06-15,尾盘14:50,7.17,没涨停→尾盘兑现,2844,313967,1,平淡期
2026-06-12,安泰科技,24.26153156,2100,50949,2026-06-15,尾盘14:50,24.18,没涨停→尾盘兑现,-243,364712,1,平淡期
2026-06-15,金浦钛业,2.61,46500,121365,2026-06-16,尾盘14:50,2.62,没涨停→尾盘兑现,283,230679,1,主线期
2026-06-15,中鼎股份,22.35,2400,53640,2026-06-16,尾盘14:50,22.35,没涨停→尾盘兑现,-80,284279,1,主线期
2026-06-15,中核科技,17.948,4500,80766,2026-06-17,次日早盘9:30,21.75,又涨停→隔夜次早兑现,16966,224563,2,主线期
2026-06-16,佛山照明,5.25980988,18000,94677,2026-06-17,尾盘14:50,5.07,没涨停→尾盘兑现,-3527,315784,1,主线期
2026-06-16,中交发展,4.62,13600,62832,2026-06-17,尾盘14:50,4.39,没涨停→尾盘兑现,-3220,375443,1,主线期
2026-06-17,深天马A,9.14,13600,124304,2026-06-18,尾盘14:50,8.94,没涨停→尾盘兑现,-2904,234012,1,主线期
2026-06-17,远望谷,6.247,13400,83710,2026-06-18,尾盘14:50,6.08,没涨停→尾盘兑现,-2402,315383,1,主线期
2026-06-17,华阳集团,28.9,1900,54910,2026-06-18,尾盘14:50,29.19,没涨停→尾盘兑现,468,370802,1,主线期
2026-06-18,北京利尔,8.775,14000,122850,2026-06-22,尾盘14:50,8.3,没涨停→尾盘兑现,-6759,227963,1,平淡期
2026-06-18,华森制药,13.2728813,6200,82292,2026-06-22,尾盘14:50,13.06,没涨停→尾盘兑现,-1422,308895,1,平淡期
2026-06-18,天目药业,17.96,3000,53880,2026-06-22,尾盘14:50,18.34,没涨停→尾盘兑现,1058,363874,1,平淡期
2026-06-22,中兵红箭,22.345,5400,120663,2026-06-23,尾盘14:50,21.89,没涨停→尾盘兑现,-2663,226857,1,平淡期
2026-06-22,东方电子,14.1,5700,80370,2026-06-23,尾盘14:50,14.0,没涨停→尾盘兑现,-690,306597,1,平淡期
2026-06-22,利尔化学,14.23,3800,54074,2026-06-23,尾盘14:50,13.64,没涨停→尾盘兑现,-2321,358390,1,平淡期
2026-06-23,中洲控股,9.9,12000,118800,2026-06-24,尾盘14:50,9.85,没涨停→尾盘兑现,-778,225785,1,妖股期
2026-06-23,亚太实业,12.77,4100,52357,2026-06-24,尾盘14:50,13.49,没涨停→尾盘兑现,2871,281052,1,妖股期
2026-06-23,海南海药,4.08,19500,79560,2026-06-25,次日早盘9:30,4.69,又涨停→隔夜次早兑现,11767,217456,2,妖股期
2026-06-24,石药景峰,6.05,15400,93170,2026-06-25,尾盘14:50,5.61,没涨停→尾盘兑现,-6911,303786,1,平淡期
2026-06-24,长高电气,12.12,5100,61812,2026-06-25,尾盘14:50,12.93,没涨停→尾盘兑现,4035,369679,1,平淡期
2026-06-25,尖峰集团,7.57288704,16200,122681,2026-06-26,尾盘14:50,7.25,没涨停→尾盘兑现,-5452,284809,1,主线期
2026-06-25,至纯科技,34.57,2300,79511,2026-06-26,尾盘14:50,35.49,没涨停→尾盘兑现,1995,366374,1,主线期
2026-06-26,亚威股份,12.31,4600,56626,2026-06-29,尾盘14:50,13.0,没涨停→尾盘兑现,3087,173570,1,恐慌期
2026-06-26,铖昌科技,139.43,800,111544,2026-06-30,次日早盘9:30,155.0,又涨停→隔夜次早兑现,12279,240247,2,恐慌期
2026-06-26,奔图科技,14.55,5800,84390,2026-06-30,次日早盘9:30,16.17,又涨停→隔夜次早兑现,9262,333962,2,恐慌期
2026-06-29,海陆重工,9.7,5900,57230,2026-06-30,尾盘14:50,9.82,没涨停→尾盘兑现,622,391857,1,恐慌期
2026-06-30,四川九洲,12.94,10000,129400,2026-07-01,尾盘14:50,12.36,没涨停→尾盘兑现,-5990,241946,1,主线期
2026-06-30,宝武镁业,15.57,5600,87192,2026-07-01,尾盘14:50,15.88,没涨停→尾盘兑现,1604,330807,1,主线期
2026-06-30,和而泰,25.83,2200,56826,2026-07-01,尾盘14:50,26.86,没涨停→尾盘兑现,2179,389855,1,主线期
2026-07-01,英洛华,9.52,13600,129472,2026-07-02,尾盘14:50,9.7,没涨停→尾盘兑现,2252,248498,1,平淡期
2026-07-01,新希望,6.9,12500,86250,2026-07-02,尾盘14:50,6.86,没涨停→尾盘兑现,-629,334184,1,平淡期
2026-07-01,海得控制,10.08,5700,57456,2026-07-02,尾盘14:50,10.54,没涨停→尾盘兑现,2534,394217,1,平淡期
2026-07-02,海马汽车,4.15,31600,131140,2026-07-03,尾盘14:50,3.89,没涨停→尾盘兑现,-8407,240247,1,妖股期
2026-07-02,中国重汽,21.84,4000,87360,2026-07-03,尾盘14:50,22.35,没涨停→尾盘兑现,1907,329580,1,妖股期
2026-07-02,中基健康,3.69,15800,58302,2026-07-03,尾盘14:50,3.64,没涨停→尾盘兑现,-877,387048,1,妖股期
2026-07-03,金智科技,9.59,13400,128506,2026-07-06,尾盘14:50,9.38,没涨停→尾盘兑现,-3005,242229,1,妖股期
2026-07-03,大洋电机,8.33,10300,85799,2026-07-06,尾盘14:50,8.67,没涨停→尾盘兑现,3371,331463,1,妖股期
2026-07-03,信立泰,40.08,1400,56112,2026-07-06,尾盘14:50,39.83,没涨停→尾盘兑现,-434,387183,1,妖股期
2026-07-06,星帅尔,17.56,7300,128188,2026-07-07,尾盘14:50,16.6,没涨停→尾盘兑现,-7195,237027,1,恐慌期
2026-07-06,派斯林,6.88,12500,86000,2026-07-07,尾盘14:50,6.37,没涨停→尾盘兑现,-6499,316593,1,恐慌期
2026-07-06,时代万恒,7.41,7700,57057,2026-07-07,尾盘14:50,6.7,没涨停→尾盘兑现,-5548,368144,1,恐慌期
2026-07-07,多利科技,19.67,6200,121954,2026-07-08,尾盘14:50,18.02,没涨停→尾盘兑现,-10405,357830,1,恐慌期
2026-07-08,南天信息,12.72,9300,118296,2026-07-09,尾盘14:50,13.56,没涨停→尾盘兑现,7629,285916,1,恐慌期
2026-07-08,广电运通,10.08,7900,79632,2026-07-09,尾盘14:50,10.6,没涨停→尾盘兑现,3985,369593,1,恐慌期
2026-07-10,创维数字,12.84,9500,121980,2026-07-13,尾盘14:50,11.56,没涨停→尾盘兑现,-12334,220932,1,平淡期
2026-07-10,普天科技,18.87,4300,81141,2026-07-13,尾盘14:50,16.98,没涨停→尾盘兑现,-8243,293891,1,平淡期
2026-07-10,奋达科技,4.98,11100,55278,2026-07-13,尾盘14:50,4.9,没涨停→尾盘兑现,-970,348240,1,平淡期
2026-07-13,九芝堂,8.98,12900,115842,2026-07-14,尾盘14:50,9.47,没涨停→尾盘兑现,6142,354469,1,恐慌期
2026-07-14,泰山石油,6.354,18500,117549,2026-07-15,尾盘14:50,6.45,没涨停→尾盘兑现,1672,224777,1,恐慌期
2026-07-14,蓝焰控股,7.04,11200,78848,2026-07-15,尾盘14:50,6.79,没涨停→尾盘兑现,-2916,300768,1,恐慌期
2026-07-14,天桥起重,3.15,16700,52605,2026-07-15,尾盘14:50,3.21,没涨停→尾盘兑现,922,354335,1,恐慌期
2026-07-15,恺英网络,17.18,4500,77310,2026-07-16,尾盘14:50,17.01,没涨停→尾盘兑现,-880,184683,1,妖股期
2026-07-15,中宠股份,28.56957424,1800,51425,2026-07-16,尾盘14:50,29.51,没涨停→尾盘兑现,1609,237756,1,妖股期
2026-07-15,永安药业,11.98,9800,117404,2026-07-17,次日早盘9:30,14.0,又涨停→隔夜次早兑现,19605,243963,2,妖股期
2026-07-16,国光电器,8.34,9500,79230,2026-07-17,尾盘14:50,8.11,没涨停→尾盘兑现,-2302,320950,1,妖股期
2026-07-16,鹭燕医药,12.3,4200,51660,2026-07-17,尾盘14:50,11.07,没涨停→尾盘兑现,-5240,367410,1,妖股期
2026-07-17,杭州热电,18.48,4400,81312,2026-07-20,尾盘14:50,20.04,没涨停→尾盘兑现,6737,252572,1,恐慌期
2026-07-17,乐山电力,9.01,13500,121635,2026-07-21,次日早盘9:30,9.85,又涨停→隔夜次早兑现,11149,385448,2,恐慌期
2026-07-21,神州信息,10.49,12200,127978,2026-07-22,尾盘14:50,10.75,没涨停→尾盘兑现,2978,246177,1,主线期
2026-07-21,乐通股份,10.51,5400,56754,2026-07-22,尾盘14:50,10.86,没涨停→尾盘兑现,1803,304777,1,主线期
2026-07-21,证通电子,6.34,13500,85590,2026-07-23,次日早盘9:30,7.0,又涨停→隔夜次早兑现,8775,230631,2,主线期
2026-07-22,东方铁塔,18.13,5600,101528,2026-07-23,尾盘14:50,19.6,没涨停→尾盘兑现,8074,340308,1,平淡期
2026-07-22,日丰股份,9.86,6800,67048,2026-07-23,尾盘14:50,10.27,没涨停→尾盘兑现,2685,410092,1,平淡期
2026-07-23,川能动力,12.29,7400,90946,2026-07-24,尾盘14:50,11.66,没涨停→尾盘兑现,-4795,208299,1,妖股期
2026-07-23,银星能源,5.92,10200,60384,2026-07-24,尾盘14:50,5.56,没涨停→尾盘兑现,-3760,264969,1,妖股期
2026-07-23,深物业A,7.51,18200,136682,2026-07-27,次日早盘9:30,8.39,又涨停→隔夜次早兑现,15799,271672,2,妖股期
2026-07-24,中光学,19.1,4600,87860,2026-07-27,尾盘14:50,20.0,没涨停→尾盘兑现,4005,363603,1,恐慌期
2026-07-24,建设工业,19.34,3000,58020,2026-07-27,尾盘14:50,19.81,没涨停→尾盘兑现,1322,422988,1,恐慌期
2026-07-27,登康口腔,31.42,4400,138248,2026-07-28,尾盘14:50,31.82,没涨停→尾盘兑现,1551,330515,1,妖股期
2026-07-27,九阳股份,8.88,10600,94128,2026-07-28,尾盘14:50,9.03,没涨停→尾盘兑现,1448,426162,1,妖股期
2026-07-28,深纺织A,9.96,14200,141432,2026-07-29,尾盘14:50,9.58,没涨停→尾盘兑现,-5604,262784,1,主线期
2026-07-28,金溢科技,15.77,4000,63080,2026-07-29,尾盘14:50,15.67,没涨停→尾盘兑现,-494,325417,1,主线期
2026-07-28,天融信,6.0,15800,94800,2026-07-30,次日早盘9:30,6.41,又涨停→隔夜次早兑现,6331,246835,2,主线期
2026-07-29,阳光乳业,11.1,9700,107670,2026-07-30,尾盘14:50,10.65,没涨停→尾盘兑现,-4523,350062,1,妖股期
2026-07-29,慕思股份,17.17,4200,72114,2026-07-30,尾盘14:50,17.77,没涨停→尾盘兑现,2410,424640,1,妖股期
2026-07-30,西子洁能,13.81,10200,140862,2026-07-31,尾盘14:50,13.85,没涨停→尾盘兑现,196,270836,1,妖股期
2026-07-30,亿利达,5.81,16200,94122,2026-07-31,尾盘14:50,6.19,没涨停→尾盘兑现,6010,371039,1,妖股期
2026-07-30,舍得酒业,37.49,1600,59984,2026-07-31,尾盘14:50,38.78,没涨停→尾盘兑现,1972,433041,1,妖股期
2026-07-31,浙文互联,7.82,12300,96186,2026-08-03,尾盘14:50,7.89,没涨停→尾盘兑现,716,289835,1,平淡期
2026-07-31,利欧股份,4.66,30900,143994,2026-08-04,次日早盘9:30,5.28,又涨停→隔夜次早兑现,18928,358760,2,平淡期
2026-08-03,通宇通讯,26.14,3600,94104,2026-08-05,次日早盘9:30,30.68,又涨停→隔夜次早兑现,16191,270622,2,妖股期
2026-08-04,宇顺电子,31.32,3800,119016,2026-08-05,尾盘14:50,32.36,没涨停→尾盘兑现,3771,393497,1,主线期
2026-08-04,遥望科技,5.76,13800,79488,2026-08-05,尾盘14:50,5.9,没涨停→尾盘兑现,1811,474856,1,主线期
2026-08-05,山子高科,3.17,49900,158183,2026-08-06,尾盘14:50,3.01,没涨停→尾盘兑现,-8215,291834,1,主线期
2026-08-05,福晶科技,58.21,1800,104778,2026-08-06,尾盘14:50,59.55,没涨停→尾盘兑现,2253,398943,1,主线期
2026-08-05,兴民智通,4.94,14200,70148,2026-08-06,尾盘14:50,5.04,没涨停→尾盘兑现,1314,470458,1,主线期
2026-08-06,恒宝股份,11.76,13300,156408,2026-08-07,尾盘14:50,11.16,没涨停→尾盘兑现,-8209,288872,1,主线期
2026-08-06,卓翼科技,6.27,16600,104082,2026-08-07,尾盘14:50,5.94,没涨停→尾盘兑现,-5630,387402,1,主线期
2026-08-06,吉大正元,18.76,3700,69412,2026-08-07,尾盘14:50,17.39,没涨停→尾盘兑现,-5169,451697,1,主线期
2026-08-07,依顿电子,10.85,13800,149730,2026-08-10,尾盘14:50,11.42,没涨停→尾盘兑现,7636,459445,1,平淡期
2026-08-10,绿发电力,8.32,18400,153088,2026-08-11,尾盘14:50,8.77,没涨停→尾盘兑现,8044,298509,1,妖股期
2026-08-10,美年健康,5.3,19200,101760,2026-08-11,尾盘14:50,5.06,没涨停→尾盘兑现,-4757,395588,1,妖股期
2026-08-10,华东数控,10.05,6700,67335,2026-08-12,次日早盘9:30,11.71,又涨停→隔夜次早兑现,11013,342267,2,妖股期
2026-08-11,华东重机,6.07,21700,131719,2026-08-12,尾盘14:50,6.21,没涨停→尾盘兑现,2838,476923,1,妖股期
2026-08-12,沈阳机床,5.76,27500,158400,2026-08-13,尾盘14:50,5.48,没涨停→尾盘兑现,-7932,292198,1,妖股期
2026-08-12,德豪润达,2.51,42300,106173,2026-08-13,尾盘14:50,2.56,没涨停→尾盘兑现,1954,400405,1,妖股期
2026-08-12,荣盛发展,1.27,55700,70739,2026-08-13,尾盘14:50,1.21,没涨停→尾盘兑现,-3446,467751,1,妖股期
2026-08-13,深振业A,7.7,20200,155540,2026-08-14,尾盘14:50,7.52,没涨停→尾盘兑现,-3867,291295,1,妖股期
2026-08-13,瑞泰科技,21.93,4700,103071,2026-08-14,尾盘14:50,21.69,没涨停→尾盘兑现,-1282,393162,1,妖股期
2026-08-13,万和电气,7.33,9500,69635,2026-08-14,尾盘14:50,6.99,没涨停→尾盘兑现,-3332,459517,1,妖股期
2026-08-14,重药控股,6.29,24300,152847,2026-08-17,尾盘14:50,6.02,没涨停→尾盘兑现,-6785,283389,1,平淡期
2026-08-14,利君股份,8.39,12100,101519,2026-08-18,次日早盘9:30,9.23,又涨停→隔夜次早兑现,10004,300588,2,平淡期
2026-08-14,桂发祥,10.14,6700,67938,2026-08-18,次日早盘9:30,12.27,又涨停→隔夜次早兑现,14158,382735,2,平淡期
2026-08-17,京粮控股,6.17,15300,94401,2026-08-19,次日早盘9:30,6.93,又涨停→隔夜次早兑现,11478,276384,2,妖股期
2026-08-18,深粮控股,6.96,18300,127368,2026-08-19,尾盘14:50,6.77,没涨停→尾盘兑现,-3665,400182,1,妖股期
2026-08-18,深华发A,12.49,6800,84932,2026-08-20,次日早盘9:30,12.5,又涨停→隔夜次早兑现,-59,263004,2,妖股期
2026-08-19,华锦股份,5.07,26300,133341,2026-08-20,尾盘14:50,4.87,没涨停→尾盘兑现,-5456,390989,1,恐慌期
2026-08-19,我爱我家,2.38,37300,88774,2026-08-20,尾盘14:50,2.33,没涨停→尾盘兑现,-1997,477832,1,恐慌期
2026-08-20,红棉股份,3.53,45100,159203,2026-08-21,尾盘14:50,3.18,没涨停→尾盘兑现,-16012,285873,1,主线期
2026-08-20,古汉医药,9.69,10900,105621,2026-08-21,尾盘14:50,9.05,没涨停→尾盘兑现,-7129,384444,1,主线期
2026-08-20,达安基因,5.97,11800,70446,2026-08-21,尾盘14:50,5.6,没涨停→尾盘兑现,-4468,450474,1,主线期
2026-08-21,沃特股份,21.24,3100,65844,2026-08-24,尾盘14:50,20.48,没涨停→尾盘兑现,-2453,198380,1,平淡期
2026-08-21,东信和平,14.53,10300,149659,2026-08-25,次日早盘9:30,15.39,又涨停→隔夜次早兑现,8627,356778,2,平淡期
2026-08-21,湖南白银,10.42,9600,100032,2026-08-25,次日早盘9:30,11.55,又涨停→隔夜次早兑现,10690,467575,2,平淡期
2026-08-25,恒铭达,59.61,1100,65571,2026-08-26,尾盘14:50,63.49,没涨停→尾盘兑现,4166,212648,1,妖股期
2026-08-25,青岛金王,5.14,30300,155742,2026-08-27,次日早盘9:30,5.6,又涨停→隔夜次早兑现,13694,311571,2,妖股期
2026-08-25,捷荣技术,11.0,9400,103400,2026-08-27,次日早盘9:30,13.31,又涨停→隔夜次早兑现,21543,436591,2,妖股期
2026-08-26,精艺股份,10.09,7000,70630,2026-08-27,尾盘14:50,10.2,没涨停→尾盘兑现,663,507938,1,妖股期
2026-08-27,汇源通信,14.41,11700,168597,2026-08-28,尾盘14:50,13.77,没涨停→尾盘兑现,-7735,314722,1,平淡期
2026-08-27,道道全,8.83752233,12700,112237,2026-08-28,尾盘14:50,8.76,没涨停→尾盘兑现,-1178,425865,1,平淡期
2026-08-27,协和电子,31.9,2300,73370,2026-08-28,尾盘14:50,30.42,没涨停→尾盘兑现,-3512,495779,1,平淡期
2026-08-28,深圳华强,24.85,6600,164010,2026-08-31,尾盘14:50,24.55,没涨停→尾盘兑现,-2225,309725,1,妖股期
2026-08-28,渝三峡A,6.62,16700,110554,2026-08-31,尾盘14:50,6.48,没涨停→尾盘兑现,-2502,417860,1,妖股期
2026-08-28,远大控股,9.41,7800,73398,2026-08-31,尾盘14:50,8.81,没涨停→尾盘兑现,-4787,486527,1,妖股期
2026-08-31,新朋股份,8.5,19000,161500,2026-09-01,尾盘14:50,8.86,没涨停→尾盘兑现,6593,312910,1,妖股期
2026-08-31,亚厦股份,4.07,26600,108262,2026-09-01,尾盘14:50,3.95,没涨停→尾盘兑现,-3352,417902,1,妖股期
2026-08-31,茂硕电源,8.38,8600,72068,2026-09-01,尾盘14:50,7.89,没涨停→尾盘兑现,-4319,485705,1,妖股期
2026-09-01,粤传媒,9.58,16800,160944,2026-09-02,尾盘14:50,9.81,没涨停→尾盘兑现,3620,309228,1,妖股期
2026-09-01,金正大,2.32,46600,108112,2026-09-02,尾盘14:50,2.17,没涨停→尾盘兑现,-7147,410274,1,妖股期
2026-09-01,茂业商业,4.37,16500,72105,2026-09-03,次日早盘9:30,4.7,又涨停→隔夜次早兑现,5333,260938,2,妖股期
2026-09-02,天禾股份,7.33,12400,90892,2026-09-03,尾盘14:50,6.6,没涨停→尾盘兑现,-9182,342717,1,妖股期
2026-09-02,光洋股份,14.16,9600,135936,2026-09-04,次日早盘9:30,15.43,又涨停→隔夜次早兑现,11979,302634,2,妖股期
2026-09-03,万朗磁塑,62.15,1200,74580,2026-09-04,尾盘14:50,66.51,没涨停→尾盘兑现,5116,382386,1,妖股期
2026-09-03,百大集团,10.32,11000,113520,2026-09-07,次日早盘9:30,12.47,又涨停→隔夜次早兑现,23462,392375,2,妖股期
2026-09-04,正虹科技,6.26,20300,127078,2026-09-07,尾盘14:50,6.42,没涨停→尾盘兑现,3055,522603,1,妖股期
2026-09-07,智慧农业,3.25,53600,174200,2026-09-08,尾盘14:50,3.21,没涨停→尾盘兑现,-2404,326994,1,主线期
2026-09-07,盾安环境,11.94,9700,115818,2026-09-08,尾盘14:50,11.95,没涨停→尾盘兑现,-77,442822,1,主线期
2026-09-07,中央商场,3.43,22600,77518,2026-09-08,尾盘14:50,3.49,没涨停→尾盘兑现,1239,521637,1,主线期
2026-09-08,世联行,2.6,44600,115960,2026-09-09,尾盘14:50,2.45,没涨停→尾盘兑现,-6859,341131,1,妖股期
2026-09-08,中粮科技,5.83,29800,173734,2026-09-10,次日早盘9:30,6.84,又涨停→隔夜次早兑现,29815,432142,2,妖股期
2026-09-09,大港股份,13.74,8200,112668,2026-09-10,尾盘14:50,14.05,没涨停→尾盘兑现,2371,547266,1,妖股期
2026-09-10,天顺风能,6.91,26300,181733,2026-09-11,尾盘14:50,7.22,没涨停→尾盘兑现,7874,555276,1,平淡期
